checks_number,store_uuid,employees_id,quantity,selling_price,checkout_id1,start_operation_dt,end_operation_dt
787514,tdel8oni-egjd-ddij-u7k4-ccxxh7ho12,121140,4,271,6,02.12.2024 10:13:23,02.12.2024 10:13:31
19753765,tdel8oni-egjd-ddij-u7k4-ccxxh7ho12,121140,4,271,6,22.12.2024 14:12:31,22.12.2024 14:12:46
24941583,tdel8oni-egjd-ddij-u7k4-ccxxh7ho12,121140,4,271,6,27.11.2024 12:57:10,27.11.2024 12:57:40
10309468,tdel8oni-egjd-ddij-u7k4-ccxxh7ho12,121140,4,271,6,12.12.2024 13:22:33,12.12.2024 13:23:00
5654127,tdel8oni-egjd-ddij-u7k4-ccxxh7ho12,121140,4,271,6,07.12.2024 12:30:44,07.12.2024 12:31:05
24941647,tdel8oni-egjd-ddij-u7k4-ccxxh7ho12,121140,4,271,6,27.11.2024 13:48:09,27.11.2024 13:48:18
2720624,tdel8oni-egjd-ddij-u7k4-ccxxh7ho12,121140,4,271,6,04.12.2024 18:58:50,04.12.2024 18:59:06
24941245,tdel8oni-egjd-ddij-u7k4-ccxxh7ho12,121140,4,271,6,27.11.2024 10:15:17,27.11.2024 10:15:37
7565732,tdel8oni-egjd-ddij-u7k4-ccxxh7ho12,121140,4,271,6,09.12.2024 19:57:45,09.12.2024 19:58:06
24941337,tdel8oni-egjd-ddij-u7k4-ccxxh7ho12,121140,4,271,6,27.11.2024 11:13:07,27.11.2024 11:13:17
28084157,tdel8oni-egjd-ddij-u7k4-ccxxh7ho12,121140,4,271,6,30.11.2024 6:40:43,30.11.2024 6:40:54
28084304,tdel8oni-egjd-ddij-u7k4-ccxxh7ho12,121140,4,271,6,30.11.2024 8:33:17,30.11.2024 8:33:40
788107,tdel8oni-egjd-ddij-u7k4-ccxxh7ho12,121140,4,271,6,02.12.2024 17:09:38,02.12.2024 17:09:46
19754287,tdel8oni-egjd-ddij-u7k4-ccxxh7ho12,121140,4,271,6,22.12.2024 20:38:18,22.12.2024 20:38:45
24942287,tdel8oni-egjd-ddij-u7k4-ccxxh7ho12,121140,4,271,6,27.11.2024 20:54:07,27.11.2024 20:54:34
8424170,tdel8oni-egjd-ddij-u7k4-ccxxh7ho12,121140,4,271,6,10.12.2024 15:05:10,10.12.2024 15:05:34
22504838,tdel8oni-egjd-ddij-u7k4-ccxxh7ho12,121140,4,271,6,25.12.2024 13:46:09,25.12.2024 13:46:30
28084992,tdel8oni-egjd-ddij-u7k4-ccxxh7ho12,121140,4,271,6,30.11.2024 15:35:12,30.11.2024 15:35:27
3652929,tdel8oni-egjd-ddij-u7k4-ccxxh7ho12,121140,4,271,6,05.12.2024 16:24:50,05.12.2024 16:25:08
20608583,tdel8oni-egjd-ddij-u7k4-ccxxh7ho12,121140,4,271,6,23.12.2024 13:01:49,23.12.2024 13:02:27
1727862,tdel8oni-egjd-ddij-u7k4-ccxxh7ho12,121140,4,271,6,03.12.2024 14:10:16,03.12.2024 14:10:29
18768527,tdel8oni-egjd-ddij-u7k4-ccxxh7ho12,121140,4,271,6,21.12.2024 9:36:00,21.12.2024 9:36:22
9350804,tdel8oni-egjd-ddij-u7k4-ccxxh7ho12,121140,4,271,6,11.12.2024 7:11:39,11.12.2024 7:11:57
25918623,tdel8oni-egjd-ddij-u7k4-ccxxh7ho12,121140,4,271,6,28.11.2024 17:44:40,28.11.2024 17:44:50
28822291,tdel8oni-egjd-ddij-u7k4-ccxxh7ho12,121140,4,271,6,01.12.2024 10:43:35,01.12.2024 10:43:52
18768858,tdel8oni-egjd-ddij-u7k4-ccxxh7ho12,121140,4,271,6,21.12.2024 12:47:32,21.12.2024 12:47:56
18769002,tdel8oni-egjd-ddij-u7k4-ccxxh7ho12,121140,4,271,6,21.12.2024 14:15:48,21.12.2024 14:17:15
6561475,tdel8oni-egjd-ddij-u7k4-ccxxh7ho12,121140,4,271,6,08.12.2024 19:16:58,08.12.2024 19:17:10
18769174,tdel8oni-egjd-ddij-u7k4-ccxxh7ho12,121140,4,271,6,21.12.2024 16:11:34,21.12.2024 16:11:54
9351380,tdel8oni-egjd-ddij-u7k4-ccxxh7ho12,121140,4,271,6,11.12.2024 13:50:29,11.12.2024 13:50:55
23519442,tdel8oni-egjd-ddij-u7k4-ccxxh7ho12,121140,4,271,6,26.12.2024 12:45:49,26.12.2024 12:46:49
21552455,tdel8oni-egjd-ddij-u7k4-ccxxh7ho12,121140,4,271,6,24.12.2024 7:56:28,24.12.2024 7:56:39
21552532,tdel8oni-egjd-ddij-u7k4-ccxxh7ho12,121140,4,271,6,24.12.2024 8:28:09,24.12.2024 8:28:20
7564800,tdel8oni-egjd-ddij-u7k4-ccxxh7ho12,121140,4,271,6,09.12.2024 1:16:11,09.12.2024 1:16:29
28822722,tdel8oni-egjd-ddij-u7k4-ccxxh7ho12,121140,4,271,6,01.12.2024 16:01:21,01.12.2024 16:01:57
18769523,tdel8oni-egjd-ddij-u7k4-ccxxh7ho12,121140,4,271,6,21.12.2024 19:30:18,21.12.2024 19:30:52
9351891,tdel8oni-egjd-ddij-u7k4-ccxxh7ho12,121140,4,271,6,11.12.2024 18:57:18,11.12.2024 18:57:30
19753252,tdel8oni-egjd-ddij-u7k4-ccxxh7ho12,121140,4,271,6,22.12.2024 5:34:08,22.12.2024 5:34:19
13801458,tdel8oni-egjd-ddij-u7k4-ccxxh7ho12,121140,4,271,6,16.12.2024 22:04:18,16.12.2024 22:04:30
26949150,tdel8oni-egjd-ddij-u7k4-ccxxh7ho12,121140,4,271,6,29.11.2024 16:58:30,29.11.2024 16:58:38
7565453,tdel8oni-egjd-ddij-u7k4-ccxxh7ho12,121140,4,271,6,09.12.2024 16:09:50,09.12.2024 16:10:01
5653612,tdel8oni-egjd-ddij-u7k4-ccxxh7ho12,121140,4,271,6,07.12.2024 4:21:43,07.12.2024 4:22:29
12264831,tdel8oni-egjd-ddij-u7k4-ccxxh7ho12,121140,4,271,6,14.12.2024 17:20:17,14.12.2024 17:20:36
19753649,tdel8oni-egjd-ddij-u7k4-ccxxh7ho12,121140,4,271,6,22.12.2024 13:00:42,22.12.2024 13:01:01
16074002,tdel8oni-egjd-ddij-u7k4-ccxxh7ho12,121140,4,271,6,18.12.2024 9:24:00,18.12.2024 9:24:35
11291534,tdel8oni-egjd-ddij-u7k4-ccxxh7ho12,121140,4,271,6,13.12.2024 18:31:35,13.12.2024 18:32:05
4633941,tdel8oni-egjd-ddij-u7k4-ccxxh7ho12,121140,4,271,6,06.12.2024 15:53:18,06.12.2024 15:54:05
10309626,tdel8oni-egjd-ddij-u7k4-ccxxh7ho12,121140,4,271,6,12.12.2024 15:08:18,12.12.2024 15:08:45
15012277,tdel8oni-egjd-ddij-u7k4-ccxxh7ho12,121140,4,271,6,17.12.2024 16:22:43,17.12.2024 16:23:31
3652306,tdel8oni-egjd-ddij-u7k4-ccxxh7ho12,121140,4,271,6,05.12.2024 10:11:34,05.12.2024 10:12:08
788127,tdel8oni-egjd-ddij-u7k4-ccxxh7ho12,121140,4,271,6,02.12.2024 17:25:42,02.12.2024 17:26:35
1727317,tdel8oni-egjd-ddij-u7k4-ccxxh7ho12,121140,4,271,6,03.12.2024 8:33:25,03.12.2024 8:33:48
25917803,tdel8oni-egjd-ddij-u7k4-ccxxh7ho12,121140,4,271,6,28.11.2024 10:29:11,28.11.2024 10:29:54
6561141,tdel8oni-egjd-ddij-u7k4-ccxxh7ho12,121140,4,271,6,08.12.2024 15:12:23,08.12.2024 15:13:04
28085697,tdel8oni-egjd-ddij-u7k4-ccxxh7ho12,121140,4,271,6,30.11.2024 23:57:16,30.11.2024 23:57:44
23519125,tdel8oni-egjd-ddij-u7k4-ccxxh7ho12,121140,4,271,6,26.12.2024 9:52:32,26.12.2024 9:53:19
4634080,tdel8oni-egjd-ddij-u7k4-ccxxh7ho12,121140,4,271,6,06.12.2024 17:13:03,06.12.2024 17:13:38
24941462,tdel8oni-egjd-ddij-u7k4-ccxxh7ho12,121140,4,271,6,27.11.2024 12:03:49,27.11.2024 12:04:12
12264968,tdel8oni-egjd-ddij-u7k4-ccxxh7ho12,121140,4,271,6,14.12.2024 18:32:05,14.12.2024 18:32:38
22504528,tdel8oni-egjd-ddij-u7k4-ccxxh7ho12,121140,4,271,6,25.12.2024 10:20:47,25.12.2024 10:21:31
19754198,tdel8oni-egjd-ddij-u7k4-ccxxh7ho12,121140,4,271,6,22.12.2024 19:26:45,22.12.2024 19:27:01
11290367,tdel8oni-egjd-ddij-u7k4-ccxxh7ho12,121140,4,271,6,13.12.2024 1:45:46,13.12.2024 1:46:10
13239713,tdel8oni-egjd-ddij-u7k4-ccxxh7ho12,121140,4,271,6,15.12.2024 14:50:46,15.12.2024 14:51:25
16074138,tdel8oni-egjd-ddij-u7k4-ccxxh7ho12,121140,4,271,6,18.12.2024 10:56:03,18.12.2024 10:56:54
1727154,tdel8oni-egjd-ddij-u7k4-ccxxh7ho12,121140,4,271,6,03.12.2024 6:31:23,03.12.2024 6:32:06
11290799,tdel8oni-egjd-ddij-u7k4-ccxxh7ho12,121140,4,271,6,13.12.2024 11:19:00,13.12.2024 11:19:39
16074363,tdel8oni-egjd-ddij-u7k4-ccxxh7ho12,121140,4,271,6,18.12.2024 12:54:41,18.12.2024 12:55:57
16074573,tdel8oni-egjd-ddij-u7k4-ccxxh7ho12,121140,4,271,6,18.12.2024 15:28:57,18.12.2024 15:29:32
11291175,tdel8oni-egjd-ddij-u7k4-ccxxh7ho12,121140,4,271,6,13.12.2024 14:53:01,13.12.2024 14:53:44
16074922,tdel8oni-egjd-ddij-u7k4-ccxxh7ho12,121140,4,271,6,18.12.2024 18:54:36,18.12.2024 18:55:08
23519288,tdel8oni-egjd-ddij-u7k4-ccxxh7ho12,121140,4,271,6,26.12.2024 11:18:22,26.12.2024 11:19:20
20609399,tdel8oni-egjd-ddij-u7k4-ccxxh7ho12,121140,4,271,6,23.12.2024 23:56:56,23.12.2024 23:57:13
6561617,tdel8oni-egjd-ddij-u7k4-ccxxh7ho12,121140,4,271,6,08.12.2024 21:12:27,08.12.2024 21:12:53
13800886,tdel8oni-egjd-ddij-u7k4-ccxxh7ho12,121140,4,271,6,16.12.2024 15:05:50,16.12.2024 15:06:11
26949189,tdel8oni-egjd-ddij-u7k4-ccxxh7ho12,121140,4,271,6,29.11.2024 17:23:16,29.11.2024 17:23:58
23520137,tdel8oni-egjd-ddij-u7k4-ccxxh7ho12,121140,4,271,6,26.12.2024 20:17:25,26.12.2024 20:17:46
9352181,tdel8oni-egjd-ddij-u7k4-ccxxh7ho12,121140,4,271,6,11.12.2024 23:11:17,11.12.2024 23:12:11
3652354,tdel8oni-egjd-ddij-u7k4-ccxxh7ho12,121140,4,271,6,05.12.2024 10:45:59,05.12.2024 10:46:45
11290446,tdel8oni-egjd-ddij-u7k4-ccxxh7ho12,121140,4,271,6,13.12.2024 6:41:45,13.12.2024 6:42:11
1727125,tdel8oni-egjd-ddij-u7k4-ccxxh7ho12,121140,4,271,6,03.12.2024 5:02:50,03.12.2024 5:03:08
11290935,tdel8oni-egjd-ddij-u7k4-ccxxh7ho12,121140,4,271,6,13.12.2024 12:25:45,13.12.2024 12:26:27
17898971,tdel8oni-egjd-ddij-u7k4-ccxxh7ho12,121140,4,271,6,20.12.2024 22:01:44,20.12.2024 22:02:15
28822084,tdel8oni-egjd-ddij-u7k4-ccxxh7ho12,121140,4,271,6,01.12.2024 4:58:23,01.12.2024 4:59:00
6561288,tdel8oni-egjd-ddij-u7k4-ccxxh7ho12,121140,4,271,6,08.12.2024 16:50:32,08.12.2024 16:50:59
18768901,tdel8oni-egjd-ddij-u7k4-ccxxh7ho12,121140,4,271,6,21.12.2024 13:14:23,21.12.2024 13:14:56
23519187,tdel8oni-egjd-ddij-u7k4-ccxxh7ho12,121140,4,271,6,26.12.2024 10:31:31,26.12.2024 10:32:23
26948532,tdel8oni-egjd-ddij-u7k4-ccxxh7ho12,121140,4,271,6,29.11.2024 10:49:47,29.11.2024 10:50:20
12264196,tdel8oni-egjd-ddij-u7k4-ccxxh7ho12,121140,4,271,6,14.12.2024 10:18:46,14.12.2024 10:19:01
9351944,tdel8oni-egjd-ddij-u7k4-ccxxh7ho12,121140,4,271,6,11.12.2024 19:43:58,11.12.2024 19:44:25
24941451,tdel8oni-egjd-ddij-u7k4-ccxxh7ho12,121140,4,107,6,27.11.2024 11:59:55,27.11.2024 12:00:13
10309458,tdel8oni-egjd-ddij-u7k4-ccxxh7ho12,121140,4,107,6,12.12.2024 13:19:12,12.12.2024 13:19:25
17897607,tdel8oni-egjd-ddij-u7k4-ccxxh7ho12,121140,4,107,6,20.12.2024 0:47:59,20.12.2024 0:48:11
10309601,tdel8oni-egjd-ddij-u7k4-ccxxh7ho12,121140,4,107,6,12.12.2024 14:53:12,12.12.2024 14:53:24
2720683,tdel8oni-egjd-ddij-u7k4-ccxxh7ho12,121140,4,107,6,04.12.2024 19:41:56,04.12.2024 19:42:07
10309654,tdel8oni-egjd-ddij-u7k4-ccxxh7ho12,121140,4,107,6,12.12.2024 15:27:52,12.12.2024 15:28:07
24941322,tdel8oni-egjd-ddij-u7k4-ccxxh7ho12,121140,4,107,6,27.11.2024 11:06:59,27.11.2024 11:07:18
26949585,tdel8oni-egjd-ddij-u7k4-ccxxh7ho12,121140,4,107,6,29.11.2024 21:27:10,29.11.2024 21:27:32
787840,tdel8oni-egjd-ddij-u7k4-ccxxh7ho12,121140,4,107,6,02.12.2024 14:05:15,02.12.2024 14:05:43
2720803,tdel8oni-egjd-ddij-u7k4-ccxxh7ho12,121140,4,107,6,04.12.2024 21:07:33,04.12.2024 21:07:52
26949692,tdel8oni-egjd-ddij-u7k4-ccxxh7ho12,121140,4,107,6,29.11.2024 23:11:22,29.11.2024 23:11:34
24941966,tdel8oni-egjd-ddij-u7k4-ccxxh7ho12,121140,4,107,6,27.11.2024 17:17:33,27.11.2024 17:18:17
787966,tdel8oni-egjd-ddij-u7k4-ccxxh7ho12,121140,4,107,6,02.12.2024 15:36:43,02.12.2024 15:37:14
3652217,tdel8oni-egjd-ddij-u7k4-ccxxh7ho12,121140,4,107,6,05.12.2024 8:43:53,05.12.2024 8:44:08
3652254,tdel8oni-egjd-ddij-u7k4-ccxxh7ho12,121140,4,107,6,05.12.2024 9:26:35,05.12.2024 9:26:50
22504755,tdel8oni-egjd-ddij-u7k4-ccxxh7ho12,121140,4,107,6,25.12.2024 12:50:45,25.12.2024 12:51:00
20608338,tdel8oni-egjd-ddij-u7k4-ccxxh7ho12,121140,4,107,6,23.12.2024 9:30:42,23.12.2024 9:31:04
8424248,tdel8oni-egjd-ddij-u7k4-ccxxh7ho12,121140,4,107,6,10.12.2024 16:10:53,10.12.2024 16:11:27
11290405,tdel8oni-egjd-ddij-u7k4-ccxxh7ho12,121140,4,107,6,13.12.2024 5:10:28,13.12.2024 5:10:55
1727177,tdel8oni-egjd-ddij-u7k4-ccxxh7ho12,121140,4,107,6,03.12.2024 7:16:29,03.12.2024 7:16:42
1727249,tdel8oni-egjd-ddij-u7k4-ccxxh7ho12,121140,4,107,6,03.12.2024 8:04:03,03.12.2024 8:04:16
22505048,tdel8oni-egjd-ddij-u7k4-ccxxh7ho12,121140,4,107,6,25.12.2024 16:04:30,25.12.2024 16:04:52
22505169,tdel8oni-egjd-ddij-u7k4-ccxxh7ho12,121140,4,107,6,25.12.2024 16:24:03,25.12.2024 16:24:33
25917931,tdel8oni-egjd-ddij-u7k4-ccxxh7ho12,121140,4,107,6,28.11.2024 11:22:51,28.11.2024 11:22:57
11290894,tdel8oni-egjd-ddij-u7k4-ccxxh7ho12,121140,4,107,6,13.12.2024 12:04:47,13.12.2024 12:05:13
25918001,tdel8oni-egjd-ddij-u7k4-ccxxh7ho12,121140,4,107,6,28.11.2024 11:48:16,28.11.2024 11:48:35
25918029,tdel8oni-egjd-ddij-u7k4-ccxxh7ho12,121140,4,107,6,28.11.2024 11:57:34,28.11.2024 11:57:50
22505262,tdel8oni-egjd-ddij-u7k4-ccxxh7ho12,121140,4,107,6,25.12.2024 17:37:19,25.12.2024 17:37:35
6560881,tdel8oni-egjd-ddij-u7k4-ccxxh7ho12,121140,4,107,6,08.12.2024 11:57:50,08.12.2024 11:58:16
20608716,tdel8oni-egjd-ddij-u7k4-ccxxh7ho12,121140,4,107,6,23.12.2024 14:52:46,23.12.2024 14:53:05
25918264,tdel8oni-egjd-ddij-u7k4-ccxxh7ho12,121140,4,107,6,28.11.2024 14:26:06,28.11.2024 14:26:25
6560985,tdel8oni-egjd-ddij-u7k4-ccxxh7ho12,121140,4,107,6,08.12.2024 13:04:45,08.12.2024 13:04:58
25918326,tdel8oni-egjd-ddij-u7k4-ccxxh7ho12,121140,4,107,6,28.11.2024 14:54:11,28.11.2024 14:54:22
1727978,tdel8oni-egjd-ddij-u7k4-ccxxh7ho12,121140,4,107,6,03.12.2024 15:35:34,03.12.2024 15:35:51
20608857,tdel8oni-egjd-ddij-u7k4-ccxxh7ho12,121140,4,107,6,23.12.2024 16:29:42,23.12.2024 16:30:05
18768605,tdel8oni-egjd-ddij-u7k4-ccxxh7ho12,121140,4,107,6,21.12.2024 10:29:38,21.12.2024 10:30:25
8424782,tdel8oni-egjd-ddij-u7k4-ccxxh7ho12,121140,4,107,6,10.12.2024 21:51:50,10.12.2024 21:52:10
28085683,tdel8oni-egjd-ddij-u7k4-ccxxh7ho12,121140,4,107,6,30.11.2024 23:45:49,30.11.2024 23:46:02
11291304,tdel8oni-egjd-ddij-u7k4-ccxxh7ho12,121140,4,107,6,13.12.2024 16:33:09,13.12.2024 16:33:36
28822065,tdel8oni-egjd-ddij-u7k4-ccxxh7ho12,121140,4,107,6,01.12.2024 3:57:30,01.12.2024 3:57:48
9350842,tdel8oni-egjd-ddij-u7k4-ccxxh7ho12,121140,4,107,6,11.12.2024 7:44:49,11.12.2024 7:45:03
23519043,tdel8oni-egjd-ddij-u7k4-ccxxh7ho12,121140,4,107,6,26.12.2024 8:56:23,26.12.2024 8:56:53
4633291,tdel8oni-egjd-ddij-u7k4-ccxxh7ho12,121140,4,107,6,06.12.2024 9:03:29,06.12.2024 9:03:44
18768892,tdel8oni-egjd-ddij-u7k4-ccxxh7ho12,121140,4,107,6,21.12.2024 13:08:01,21.12.2024 13:08:37
23519129,tdel8oni-egjd-ddij-u7k4-ccxxh7ho12,121140,4,107,6,26.12.2024 9:56:55,26.12.2024 9:57:25
9351197,tdel8oni-egjd-ddij-u7k4-ccxxh7ho12,121140,4,107,6,11.12.2024 12:07:05,11.12.2024 12:07:56
23519159,tdel8oni-egjd-ddij-u7k4-ccxxh7ho12,121140,4,107,6,26.12.2024 10:17:14,26.12.2024 10:17:48
23519267,tdel8oni-egjd-ddij-u7k4-ccxxh7ho12,121140,4,107,6,26.12.2024 11:10:17,26.12.2024 11:10:54
28822548,tdel8oni-egjd-ddij-u7k4-ccxxh7ho12,121140,4,107,6,01.12.2024 13:47:42,01.12.2024 13:47:58
9351409,tdel8oni-egjd-ddij-u7k4-ccxxh7ho12,121140,4,107,6,11.12.2024 14:10:54,11.12.2024 14:11:05
20609390,tdel8oni-egjd-ddij-u7k4-ccxxh7ho12,121140,4,107,6,23.12.2024 23:45:49,23.12.2024 23:46:02
21552511,tdel8oni-egjd-ddij-u7k4-ccxxh7ho12,121140,4,107,6,24.12.2024 8:21:31,24.12.2024 8:21:54
16890664,tdel8oni-egjd-ddij-u7k4-ccxxh7ho12,121140,4,107,6,19.12.2024 9:17:30,19.12.2024 9:18:32
2719510,tdel8oni-egjd-ddij-u7k4-ccxxh7ho12,121140,4,107,6,04.12.2024 5:26:24,04.12.2024 5:26:40
2719661,tdel8oni-egjd-ddij-u7k4-ccxxh7ho12,121140,4,107,6,04.12.2024 8:17:51,04.12.2024 8:18:14
28822692,tdel8oni-egjd-ddij-u7k4-ccxxh7ho12,121140,4,107,6,01.12.2024 15:35:07,01.12.2024 15:35:37
26948494,tdel8oni-egjd-ddij-u7k4-ccxxh7ho12,121140,4,107,6,29.11.2024 10:20:31,29.11.2024 10:20:55
4633911,tdel8oni-egjd-ddij-u7k4-ccxxh7ho12,121140,4,107,6,06.12.2024 15:32:40,06.12.2024 15:33:03
23519607,tdel8oni-egjd-ddij-u7k4-ccxxh7ho12,121140,4,107,6,26.12.2024 14:33:29,26.12.2024 14:33:44
26948656,tdel8oni-egjd-ddij-u7k4-ccxxh7ho12,121140,4,107,6,29.11.2024 11:35:36,29.11.2024 11:36:03
2719827,tdel8oni-egjd-ddij-u7k4-ccxxh7ho12,121140,4,107,6,04.12.2024 10:42:48,04.12.2024 10:43:04
28822820,tdel8oni-egjd-ddij-u7k4-ccxxh7ho12,121140,4,107,6,01.12.2024 17:10:16,01.12.2024 17:10:48
4634067,tdel8oni-egjd-ddij-u7k4-ccxxh7ho12,121140,4,107,6,06.12.2024 17:09:52,06.12.2024 17:10:07
9351733,tdel8oni-egjd-ddij-u7k4-ccxxh7ho12,121140,4,107,6,11.12.2024 17:46:28,11.12.2024 17:46:58
4634110,tdel8oni-egjd-ddij-u7k4-ccxxh7ho12,121140,4,107,6,06.12.2024 17:26:47,06.12.2024 17:27:15
13801287,tdel8oni-egjd-ddij-u7k4-ccxxh7ho12,121140,4,107,6,16.12.2024 19:56:15,16.12.2024 19:56:24
12264486,tdel8oni-egjd-ddij-u7k4-ccxxh7ho12,121140,4,107,6,14.12.2024 13:14:32,14.12.2024 13:15:11
23520046,tdel8oni-egjd-ddij-u7k4-ccxxh7ho12,121140,4,107,6,26.12.2024 19:12:27,26.12.2024 19:12:54
9352124,tdel8oni-egjd-ddij-u7k4-ccxxh7ho12,121140,4,107,6,11.12.2024 22:16:44,11.12.2024 22:17:10
10308894,tdel8oni-egjd-ddij-u7k4-ccxxh7ho12,121140,4,107,6,12.12.2024 5:59:04,12.12.2024 5:59:22
5653686,tdel8oni-egjd-ddij-u7k4-ccxxh7ho12,121140,4,107,6,07.12.2024 7:21:49,07.12.2024 7:22:07
5653750,tdel8oni-egjd-ddij-u7k4-ccxxh7ho12,121140,4,107,6,07.12.2024 8:06:17,07.12.2024 8:06:33
28084081,tdel8oni-egjd-ddij-u7k4-ccxxh7ho12,121140,4,107,6,30.11.2024 2:29:26,30.11.2024 2:29:53
8423781,tdel8oni-egjd-ddij-u7k4-ccxxh7ho12,121140,4,107,6,10.12.2024 11:23:10,10.12.2024 11:23:42
21551415,tdel8oni-egjd-ddij-u7k4-ccxxh7ho12,121140,4,107,6,24.12.2024 12:41:06,24.12.2024 12:41:41
5653674,tdel8oni-egjd-ddij-u7k4-ccxxh7ho12,121140,4,107,6,07.12.2024 6:56:40,07.12.2024 6:57:09
24941060,tdel8oni-egjd-ddij-u7k4-ccxxh7ho12,121140,4,107,6,27.11.2024 7:28:43,27.11.2024 7:28:59
5654508,tdel8oni-egjd-ddij-u7k4-ccxxh7ho12,121140,4,107,6,07.12.2024 16:43:47,07.12.2024 16:44:21
788345,tdel8oni-egjd-ddij-u7k4-ccxxh7ho12,121140,4,107,6,02.12.2024 20:32:10,02.12.2024 20:32:31
3652951,tdel8oni-egjd-ddij-u7k4-ccxxh7ho12,121140,4,107,6,05.12.2024 16:36:04,05.12.2024 16:36:16
13239834,tdel8oni-egjd-ddij-u7k4-ccxxh7ho12,121140,4,107,6,15.12.2024 16:18:45,15.12.2024 16:19:56
3653186,tdel8oni-egjd-ddij-u7k4-ccxxh7ho12,121140,4,107,6,05.12.2024 18:56:42,05.12.2024 18:57:14
28085454,tdel8oni-egjd-ddij-u7k4-ccxxh7ho12,121140,4,107,6,30.11.2024 20:20:56,30.11.2024 20:21:09
28822146,tdel8oni-egjd-ddij-u7k4-ccxxh7ho12,121140,4,107,6,01.12.2024 7:24:42,01.12.2024 7:25:16
11291366,tdel8oni-egjd-ddij-u7k4-ccxxh7ho12,121140,4,107,6,13.12.2024 17:09:09,13.12.2024 17:09:41
9350986,tdel8oni-egjd-ddij-u7k4-ccxxh7ho12,121140,4,107,6,11.12.2024 10:10:34,11.12.2024 10:10:57
16075127,tdel8oni-egjd-ddij-u7k4-ccxxh7ho12,121140,4,107,6,18.12.2024 19:19:59,18.12.2024 19:20:22
6561449,tdel8oni-egjd-ddij-u7k4-ccxxh7ho12,121140,4,107,6,08.12.2024 18:46:00,08.12.2024 18:46:16
26948374,tdel8oni-egjd-ddij-u7k4-ccxxh7ho12,121140,4,107,6,29.11.2024 8:18:46,29.11.2024 8:20:10
26948511,tdel8oni-egjd-ddij-u7k4-ccxxh7ho12,121140,4,107,6,29.11.2024 10:31:25,29.11.2024 10:32:02
9351844,tdel8oni-egjd-ddij-u7k4-ccxxh7ho12,121140,4,107,6,11.12.2024 18:37:50,11.12.2024 18:38:09
21551729,tdel8oni-egjd-ddij-u7k4-ccxxh7ho12,121140,4,107,6,24.12.2024 15:47:13,24.12.2024 15:47:32
26949249,tdel8oni-egjd-ddij-u7k4-ccxxh7ho12,121140,4,107,6,29.11.2024 17:50:15,29.11.2024 17:50:34
10309102,tdel8oni-egjd-ddij-u7k4-ccxxh7ho12,121140,4,107,6,12.12.2024 9:52:29,12.12.2024 9:52:49
24941061,tdel8oni-egjd-ddij-u7k4-ccxxh7ho12,121140,4,204,6,27.11.2024 7:29:01,27.11.2024 7:29:22
17897610,tdel8oni-egjd-ddij-u7k4-ccxxh7ho12,121140,4,204,6,20.12.2024 0:52:32,20.12.2024 0:55:26
17897850,tdel8oni-egjd-ddij-u7k4-ccxxh7ho12,121140,4,204,6,20.12.2024 9:16:32,20.12.2024 9:16:56
787893,tdel8oni-egjd-ddij-u7k4-ccxxh7ho12,121140,4,204,6,02.12.2024 14:42:20,02.12.2024 14:42:31
2720927,tdel8oni-egjd-ddij-u7k4-ccxxh7ho12,121140,4,204,6,04.12.2024 23:32:04,04.12.2024 23:32:18
8423833,tdel8oni-egjd-ddij-u7k4-ccxxh7ho12,121140,4,204,6,10.12.2024 11:43:35,10.12.2024 11:43:57
13239328,tdel8oni-egjd-ddij-u7k4-ccxxh7ho12,121140,4,204,6,15.12.2024 10:02:50,15.12.2024 10:03:21
19754186,tdel8oni-egjd-ddij-u7k4-ccxxh7ho12,121140,4,204,6,22.12.2024 19:19:48,22.12.2024 19:20:07
17898466,tdel8oni-egjd-ddij-u7k4-ccxxh7ho12,121140,4,204,6,20.12.2024 16:41:29,20.12.2024 16:41:50
22504679,tdel8oni-egjd-ddij-u7k4-ccxxh7ho12,121140,4,204,6,25.12.2024 12:05:34,25.12.2024 12:05:55
19754382,tdel8oni-egjd-ddij-u7k4-ccxxh7ho12,121140,4,204,6,22.12.2024 22:05:40,22.12.2024 22:05:55
24942280,tdel8oni-egjd-ddij-u7k4-ccxxh7ho12,121140,4,204,6,27.11.2024 20:51:09,27.11.2024 20:51:28
20608173,tdel8oni-egjd-ddij-u7k4-ccxxh7ho12,121140,4,204,6,23.12.2024 0:31:27,23.12.2024 0:33:20
20608205,tdel8oni-egjd-ddij-u7k4-ccxxh7ho12,121140,4,204,6,23.12.2024 1:20:37,23.12.2024 1:20:50
6560691,tdel8oni-egjd-ddij-u7k4-ccxxh7ho12,121140,4,204,6,08.12.2024 8:53:59,08.12.2024 8:54:30
11290769,tdel8oni-egjd-ddij-u7k4-ccxxh7ho12,121140,4,204,6,13.12.2024 11:08:09,13.12.2024 11:08:28
11290830,tdel8oni-egjd-ddij-u7k4-ccxxh7ho12,121140,4,204,6,13.12.2024 11:33:52,13.12.2024 11:34:08
13239973,tdel8oni-egjd-ddij-u7k4-ccxxh7ho12,121140,4,204,6,15.12.2024 17:39:19,15.12.2024 17:39:46
3653122,tdel8oni-egjd-ddij-u7k4-ccxxh7ho12,121140,4,204,6,05.12.2024 18:13:50,05.12.2024 18:14:14
18768360,tdel8oni-egjd-ddij-u7k4-ccxxh7ho12,121140,4,204,6,21.12.2024 7:08:55,21.12.2024 7:09:35
3653209,tdel8oni-egjd-ddij-u7k4-ccxxh7ho12,121140,4,204,6,05.12.2024 19:12:16,05.12.2024 19:12:56
28085479,tdel8oni-egjd-ddij-u7k4-ccxxh7ho12,121140,4,204,6,30.11.2024 20:29:44,30.11.2024 20:30:05
18768524,tdel8oni-egjd-ddij-u7k4-ccxxh7ho12,121140,4,204,6,21.12.2024 9:31:05,21.12.2024 9:32:10
22505387,tdel8oni-egjd-ddij-u7k4-ccxxh7ho12,121140,4,204,6,25.12.2024 20:14:47,25.12.2024 20:15:05
28822004,tdel8oni-egjd-ddij-u7k4-ccxxh7ho12,121140,4,204,6,01.12.2024 0:16:59,01.12.2024 0:17:18
28822052,tdel8oni-egjd-ddij-u7k4-ccxxh7ho12,121140,4,204,6,01.12.2024 2:33:59,01.12.2024 2:34:39
28822080,tdel8oni-egjd-ddij-u7k4-ccxxh7ho12,121140,4,204,6,01.12.2024 4:48:13,01.12.2024 4:48:37
9350695,tdel8oni-egjd-ddij-u7k4-ccxxh7ho12,121140,4,204,6,11.12.2024 0:39:45,11.12.2024 0:40:00
9350698,tdel8oni-egjd-ddij-u7k4-ccxxh7ho12,121140,4,204,6,11.12.2024 0:41:42,11.12.2024 0:42:07
13800308,tdel8oni-egjd-ddij-u7k4-ccxxh7ho12,121140,4,204,6,16.12.2024 0:32:33,16.12.2024 0:32:45
9350996,tdel8oni-egjd-ddij-u7k4-ccxxh7ho12,121140,4,204,6,11.12.2024 10:18:46,11.12.2024 10:19:03
9351279,tdel8oni-egjd-ddij-u7k4-ccxxh7ho12,121140,4,204,6,11.12.2024 12:59:34,11.12.2024 12:59:53
23519353,tdel8oni-egjd-ddij-u7k4-ccxxh7ho12,121140,4,204,6,26.12.2024 11:53:25,26.12.2024 11:54:26
20609282,tdel8oni-egjd-ddij-u7k4-ccxxh7ho12,121140,4,204,6,23.12.2024 21:53:34,23.12.2024 21:53:53
21552825,tdel8oni-egjd-ddij-u7k4-ccxxh7ho12,121140,4,204,6,24.12.2024 4:24:49,24.12.2024 4:26:29
18769216,tdel8oni-egjd-ddij-u7k4-ccxxh7ho12,121140,4,204,6,21.12.2024 16:39:09,21.12.2024 16:39:58
26948183,tdel8oni-egjd-ddij-u7k4-ccxxh7ho12,121140,4,204,6,29.11.2024 0:45:21,29.11.2024 0:45:41
13800896,tdel8oni-egjd-ddij-u7k4-ccxxh7ho12,121140,4,204,6,16.12.2024 15:15:45,16.12.2024 15:16:03
7564827,tdel8oni-egjd-ddij-u7k4-ccxxh7ho12,121140,4,204,6,09.12.2024 2:17:39,09.12.2024 2:17:56
19753226,tdel8oni-egjd-ddij-u7k4-ccxxh7ho12,121140,4,204,6,22.12.2024 3:37:31,22.12.2024 3:37:43
15011647,tdel8oni-egjd-ddij-u7k4-ccxxh7ho12,121140,4,204,6,17.12.2024 6:28:29,17.12.2024 6:28:46
19753443,tdel8oni-egjd-ddij-u7k4-ccxxh7ho12,121140,4,204,6,22.12.2024 10:28:21,22.12.2024 10:28:34
9352172,tdel8oni-egjd-ddij-u7k4-ccxxh7ho12,121140,4,204,6,11.12.2024 23:06:59,11.12.2024 23:07:22
15011793,tdel8oni-egjd-ddij-u7k4-ccxxh7ho12,121140,4,204,6,17.12.2024 9:44:20,17.12.2024 9:45:01
10309139,tdel8oni-egjd-ddij-u7k4-ccxxh7ho12,121140,4,204,6,12.12.2024 10:32:16,12.12.2024 10:32:32
13800500,tdel8oni-egjd-ddij-u7k4-ccxxh7ho12,121140,4,204,6,16.12.2024 10:04:31,16.12.2024 10:05:36
20608376,tdel8oni-egjd-ddij-u7k4-ccxxh7ho12,121140,4,204,6,23.12.2024 10:26:14,23.12.2024 10:27:12
17897601,tdel8oni-egjd-ddij-u7k4-ccxxh7ho12,121140,4,204,6,20.12.2024 0:15:13,20.12.2024 0:16:29
3652278,tdel8oni-egjd-ddij-u7k4-ccxxh7ho12,121140,4,204,6,05.12.2024 9:51:28,05.12.2024 9:52:02
5654791,tdel8oni-egjd-ddij-u7k4-ccxxh7ho12,121140,4,204,6,07.12.2024 19:11:57,07.12.2024 19:12:31
3652833,tdel8oni-egjd-ddij-u7k4-ccxxh7ho12,121140,4,204,6,05.12.2024 15:24:16,05.12.2024 15:24:45
25918018,tdel8oni-egjd-ddij-u7k4-ccxxh7ho12,121140,4,204,6,28.11.2024 11:52:12,28.11.2024 11:53:04
7565663,tdel8oni-egjd-ddij-u7k4-ccxxh7ho12,121140,4,204,6,09.12.2024 18:55:27,09.12.2024 18:56:09
28084481,tdel8oni-egjd-ddij-u7k4-ccxxh7ho12,121140,4,204,6,30.11.2024 10:52:07,30.11.2024 10:52:28
17898328,tdel8oni-egjd-ddij-u7k4-ccxxh7ho12,121140,4,204,6,20.12.2024 14:59:16,20.12.2024 15:01:10
28084803,tdel8oni-egjd-ddij-u7k4-ccxxh7ho12,121140,4,204,6,30.11.2024 13:17:23,30.11.2024 13:17:45
11290455,tdel8oni-egjd-ddij-u7k4-ccxxh7ho12,121140,4,204,6,13.12.2024 6:44:20,13.12.2024 6:44:51
13239824,tdel8oni-egjd-ddij-u7k4-ccxxh7ho12,121140,4,204,6,15.12.2024 16:15:26,15.12.2024 16:16:23
13800328,tdel8oni-egjd-ddij-u7k4-ccxxh7ho12,121140,4,204,6,16.12.2024 1:06:26,16.12.2024 1:06:56
6561336,tdel8oni-egjd-ddij-u7k4-ccxxh7ho12,121140,4,204,6,08.12.2024 17:21:07,08.12.2024 17:21:35
20609219,tdel8oni-egjd-ddij-u7k4-ccxxh7ho12,121140,4,204,6,23.12.2024 20:51:56,23.12.2024 20:52:30
18769211,tdel8oni-egjd-ddij-u7k4-ccxxh7ho12,121140,4,204,6,21.12.2024 16:33:49,21.12.2024 16:34:43
12264835,tdel8oni-egjd-ddij-u7k4-ccxxh7ho12,121140,4,204,6,14.12.2024 17:22:14,14.12.2024 17:22:41
24941489,tdel8oni-egjd-ddij-u7k4-ccxxh7ho12,121140,4,204,6,27.11.2024 12:12:11,27.11.2024 12:12:33
17897622,tdel8oni-egjd-ddij-u7k4-ccxxh7ho12,121140,4,204,6,20.12.2024 1:30:04,20.12.2024 1:30:17
17898101,tdel8oni-egjd-ddij-u7k4-ccxxh7ho12,121140,4,204,6,20.12.2024 12:19:35,20.12.2024 12:19:56
28084227,tdel8oni-egjd-ddij-u7k4-ccxxh7ho12,121140,4,204,6,30.11.2024 7:44:56,30.11.2024 7:45:32
3652008,tdel8oni-egjd-ddij-u7k4-ccxxh7ho12,121140,4,204,6,05.12.2024 2:11:36,05.12.2024 2:12:15
21552327,tdel8oni-egjd-ddij-u7k4-ccxxh7ho12,121140,4,204,6,24.12.2024 22:27:58,24.12.2024 22:28:37
22504537,tdel8oni-egjd-ddij-u7k4-ccxxh7ho12,121140,4,204,6,25.12.2024 10:36:05,25.12.2024 10:36:39
5654665,tdel8oni-egjd-ddij-u7k4-ccxxh7ho12,121140,4,204,6,07.12.2024 17:53:05,07.12.2024 17:53:28
17898460,tdel8oni-egjd-ddij-u7k4-ccxxh7ho12,121140,4,204,6,20.12.2024 16:37:26,20.12.2024 16:38:20
28084814,tdel8oni-egjd-ddij-u7k4-ccxxh7ho12,121140,4,204,6,30.11.2024 13:24:49,30.11.2024 13:25:24
8424101,tdel8oni-egjd-ddij-u7k4-ccxxh7ho12,121140,4,204,6,10.12.2024 14:18:11,10.12.2024 14:18:37
17898554,tdel8oni-egjd-ddij-u7k4-ccxxh7ho12,121140,4,204,6,20.12.2024 17:36:42,20.12.2024 17:37:11
788341,tdel8oni-egjd-ddij-u7k4-ccxxh7ho12,121140,4,204,6,02.12.2024 20:30:55,02.12.2024 20:31:20
10310283,tdel8oni-egjd-ddij-u7k4-ccxxh7ho12,121140,4,204,6,12.12.2024 23:10:11,12.12.2024 23:10:47
28085081,tdel8oni-egjd-ddij-u7k4-ccxxh7ho12,121140,4,204,6,30.11.2024 16:18:54,30.11.2024 16:19:13
11290815,tdel8oni-egjd-ddij-u7k4-ccxxh7ho12,121140,4,204,6,13.12.2024 11:25:41,13.12.2024 11:26:24
8424438,tdel8oni-egjd-ddij-u7k4-ccxxh7ho12,121140,4,204,6,10.12.2024 17:51:08,10.12.2024 17:51:36
11290895,tdel8oni-egjd-ddij-u7k4-ccxxh7ho12,121140,4,204,6,13.12.2024 12:03:18,13.12.2024 12:04:24
11290915,tdel8oni-egjd-ddij-u7k4-ccxxh7ho12,121140,4,204,6,13.12.2024 12:15:01,13.12.2024 12:15:19
1728111,tdel8oni-egjd-ddij-u7k4-ccxxh7ho12,121140,4,204,6,03.12.2024 17:08:55,03.12.2024 17:09:30
20609016,tdel8oni-egjd-ddij-u7k4-ccxxh7ho12,121140,4,204,6,23.12.2024 18:20:36,23.12.2024 18:21:10
13800505,tdel8oni-egjd-ddij-u7k4-ccxxh7ho12,121140,4,204,6,16.12.2024 10:11:08,16.12.2024 10:12:09
9351094,tdel8oni-egjd-ddij-u7k4-ccxxh7ho12,121140,4,204,6,11.12.2024 11:18:22,11.12.2024 11:18:41
9351198,tdel8oni-egjd-ddij-u7k4-ccxxh7ho12,121140,4,204,6,11.12.2024 12:09:40,11.12.2024 12:10:07
9351364,tdel8oni-egjd-ddij-u7k4-ccxxh7ho12,121140,4,204,6,11.12.2024 13:38:58,11.12.2024 13:39:17
23519411,tdel8oni-egjd-ddij-u7k4-ccxxh7ho12,121140,4,204,6,26.12.2024 12:26:03,26.12.2024 12:26:30
2719512,tdel8oni-egjd-ddij-u7k4-ccxxh7ho12,121140,4,204,6,04.12.2024 5:28:35,04.12.2024 5:28:51
12264388,tdel8oni-egjd-ddij-u7k4-ccxxh7ho12,121140,4,204,6,14.12.2024 12:24:40,14.12.2024 12:25:09
2720149,tdel8oni-egjd-ddij-u7k4-ccxxh7ho12,121140,4,204,6,04.12.2024 13:44:52,04.12.2024 13:45:12
26948990,tdel8oni-egjd-ddij-u7k4-ccxxh7ho12,121140,4,204,6,29.11.2024 15:10:18,29.11.2024 15:10:47
15011660,tdel8oni-egjd-ddij-u7k4-ccxxh7ho12,121140,4,204,6,17.12.2024 6:44:45,17.12.2024 6:45:02
10308972,tdel8oni-egjd-ddij-u7k4-ccxxh7ho12,121140,4,204,6,12.12.2024 7:53:15,12.12.2024 7:53:37
15011837,tdel8oni-egjd-ddij-u7k4-ccxxh7ho12,121140,4,204,6,17.12.2024 10:24:04,17.12.2024 10:24:45
5653557,tdel8oni-egjd-ddij-u7k4-ccxxh7ho12,121140,4,204,6,07.12.2024 0:03:58,07.12.2024 0:04:27
15012009,tdel8oni-egjd-ddij-u7k4-ccxxh7ho12,121140,4,92,6,17.12.2024 13:01:40,17.12.2024 13:02:08
24941488,tdel8oni-egjd-ddij-u7k4-ccxxh7ho12,121140,4,92,6,27.11.2024 12:11:52,27.11.2024 12:12:07
19753729,tdel8oni-egjd-ddij-u7k4-ccxxh7ho12,121140,4,92,6,22.12.2024 13:46:32,22.12.2024 13:47:07
15012114,tdel8oni-egjd-ddij-u7k4-ccxxh7ho12,121140,4,92,6,17.12.2024 14:26:44,17.12.2024 14:27:04
5654087,tdel8oni-egjd-ddij-u7k4-ccxxh7ho12,121140,4,92,6,07.12.2024 12:02:40,07.12.2024 12:03:00
10309544,tdel8oni-egjd-ddij-u7k4-ccxxh7ho12,121140,4,92,6,12.12.2024 14:08:24,12.12.2024 14:08:40
5654212,tdel8oni-egjd-ddij-u7k4-ccxxh7ho12,121140,4,92,6,07.12.2024 13:28:55,07.12.2024 13:29:11
24941269,tdel8oni-egjd-ddij-u7k4-ccxxh7ho12,121140,4,92,6,27.11.2024 10:39:20,27.11.2024 10:39:36
28084127,tdel8oni-egjd-ddij-u7k4-ccxxh7ho12,121140,4,92,6,30.11.2024 6:20:31,30.11.2024 6:20:47
3652037,tdel8oni-egjd-ddij-u7k4-ccxxh7ho12,121140,4,92,6,05.12.2024 5:28:11,05.12.2024 5:28:25
24941954,tdel8oni-egjd-ddij-u7k4-ccxxh7ho12,121140,4,92,6,27.11.2024 17:08:20,27.11.2024 17:09:02
24942115,tdel8oni-egjd-ddij-u7k4-ccxxh7ho12,121140,4,92,6,27.11.2024 18:38:32,27.11.2024 18:39:03
3652461,tdel8oni-egjd-ddij-u7k4-ccxxh7ho12,121140,4,92,6,05.12.2024 11:40:56,05.12.2024 11:41:15
8424163,tdel8oni-egjd-ddij-u7k4-ccxxh7ho12,121140,4,92,6,10.12.2024 15:00:12,10.12.2024 15:00:29
28084905,tdel8oni-egjd-ddij-u7k4-ccxxh7ho12,121140,4,92,6,30.11.2024 14:34:26,30.11.2024 14:34:56
20608222,tdel8oni-egjd-ddij-u7k4-ccxxh7ho12,121140,4,92,6,23.12.2024 2:56:33,23.12.2024 2:57:19
22504811,tdel8oni-egjd-ddij-u7k4-ccxxh7ho12,121140,4,92,6,25.12.2024 13:24:57,25.12.2024 13:25:13
22504966,tdel8oni-egjd-ddij-u7k4-ccxxh7ho12,121140,4,92,6,25.12.2024 15:15:01,25.12.2024 15:15:27
3652837,tdel8oni-egjd-ddij-u7k4-ccxxh7ho12,121140,4,92,6,05.12.2024 15:24:47,05.12.2024 15:26:00
1727388,tdel8oni-egjd-ddij-u7k4-ccxxh7ho12,121140,4,92,6,03.12.2024 9:39:31,03.12.2024 9:40:19
25918034,tdel8oni-egjd-ddij-u7k4-ccxxh7ho12,121140,4,92,6,28.11.2024 11:59:46,28.11.2024 11:59:54
25918058,tdel8oni-egjd-ddij-u7k4-ccxxh7ho12,121140,4,92,6,28.11.2024 12:14:19,28.11.2024 12:14:46
25918131,tdel8oni-egjd-ddij-u7k4-ccxxh7ho12,121140,4,92,6,28.11.2024 12:59:29,28.11.2024 12:59:53
8424599,tdel8oni-egjd-ddij-u7k4-ccxxh7ho12,121140,4,92,6,10.12.2024 19:25:55,10.12.2024 19:26:07
20608750,tdel8oni-egjd-ddij-u7k4-ccxxh7ho12,121140,4,92,6,23.12.2024 15:16:13,23.12.2024 15:17:03
18768380,tdel8oni-egjd-ddij-u7k4-ccxxh7ho12,121140,4,92,6,21.12.2024 7:30:47,21.12.2024 7:31:00
22505337,tdel8oni-egjd-ddij-u7k4-ccxxh7ho12,121140,4,92,6,25.12.2024 19:12:06,25.12.2024 19:12:31
20608791,tdel8oni-egjd-ddij-u7k4-ccxxh7ho12,121140,4,92,6,23.12.2024 15:46:27,23.12.2024 15:47:15
1727892,tdel8oni-egjd-ddij-u7k4-ccxxh7ho12,121140,4,92,6,03.12.2024 14:32:14,03.12.2024 14:32:37
25918432,tdel8oni-egjd-ddij-u7k4-ccxxh7ho12,121140,4,92,6,28.11.2024 15:59:19,28.11.2024 15:59:33
28085680,tdel8oni-egjd-ddij-u7k4-ccxxh7ho12,121140,4,92,6,30.11.2024 23:36:10,30.11.2024 23:36:30
9350972,tdel8oni-egjd-ddij-u7k4-ccxxh7ho12,121140,4,92,6,11.12.2024 9:58:15,11.12.2024 9:58:43
6561291,tdel8oni-egjd-ddij-u7k4-ccxxh7ho12,121140,4,92,6,08.12.2024 16:54:54,08.12.2024 16:55:10
9351145,tdel8oni-egjd-ddij-u7k4-ccxxh7ho12,121140,4,92,6,11.12.2024 11:42:09,11.12.2024 11:42:49
4633351,tdel8oni-egjd-ddij-u7k4-ccxxh7ho12,121140,4,92,6,06.12.2024 9:41:07,06.12.2024 9:41:25
1728303,tdel8oni-egjd-ddij-u7k4-ccxxh7ho12,121140,4,92,6,03.12.2024 18:43:02,03.12.2024 18:43:25
6561445,tdel8oni-egjd-ddij-u7k4-ccxxh7ho12,121140,4,92,6,08.12.2024 18:40:50,08.12.2024 18:41:41
4633578,tdel8oni-egjd-ddij-u7k4-ccxxh7ho12,121140,4,92,6,06.12.2024 11:50:58,06.12.2024 11:51:21
4633692,tdel8oni-egjd-ddij-u7k4-ccxxh7ho12,121140,4,92,6,06.12.2024 12:55:38,06.12.2024 12:55:53
4633718,tdel8oni-egjd-ddij-u7k4-ccxxh7ho12,121140,4,92,6,06.12.2024 13:14:19,06.12.2024 13:14:28
26948246,tdel8oni-egjd-ddij-u7k4-ccxxh7ho12,121140,4,92,6,29.11.2024 5:39:55,29.11.2024 5:40:13
26948354,tdel8oni-egjd-ddij-u7k4-ccxxh7ho12,121140,4,92,6,29.11.2024 8:04:13,29.11.2024 8:04:37
26948371,tdel8oni-egjd-ddij-u7k4-ccxxh7ho12,121140,4,92,6,29.11.2024 8:17:05,29.11.2024 8:17:43
6561740,tdel8oni-egjd-ddij-u7k4-ccxxh7ho12,121140,4,92,6,08.12.2024 23:13:30,08.12.2024 23:13:51
16890822,tdel8oni-egjd-ddij-u7k4-ccxxh7ho12,121140,4,92,6,19.12.2024 11:07:27,19.12.2024 11:08:06
7565020,tdel8oni-egjd-ddij-u7k4-ccxxh7ho12,121140,4,92,6,09.12.2024 10:25:50,09.12.2024 10:26:02
23519635,tdel8oni-egjd-ddij-u7k4-ccxxh7ho12,121140,4,92,6,26.12.2024 14:51:01,26.12.2024 14:51:35
21552757,tdel8oni-egjd-ddij-u7k4-ccxxh7ho12,121140,4,92,6,24.12.2024 11:59:57,24.12.2024 12:00:36
21551392,tdel8oni-egjd-ddij-u7k4-ccxxh7ho12,121140,4,92,6,24.12.2024 12:25:44,24.12.2024 12:26:07
2719961,tdel8oni-egjd-ddij-u7k4-ccxxh7ho12,121140,4,92,6,04.12.2024 11:49:10,04.12.2024 11:49:29
7565143,tdel8oni-egjd-ddij-u7k4-ccxxh7ho12,121140,4,92,6,09.12.2024 12:05:38,09.12.2024 12:05:56
4634126,tdel8oni-egjd-ddij-u7k4-ccxxh7ho12,121140,4,92,6,06.12.2024 17:36:57,06.12.2024 17:37:27
18769617,tdel8oni-egjd-ddij-u7k4-ccxxh7ho12,121140,4,92,6,21.12.2024 20:45:00,21.12.2024 20:45:25
12264574,tdel8oni-egjd-ddij-u7k4-ccxxh7ho12,121140,4,92,6,14.12.2024 14:27:17,14.12.2024 14:27:42
4634371,tdel8oni-egjd-ddij-u7k4-ccxxh7ho12,121140,4,92,6,06.12.2024 19:32:51,06.12.2024 19:33:03
28823083,tdel8oni-egjd-ddij-u7k4-ccxxh7ho12,121140,4,92,6,01.12.2024 20:52:30,01.12.2024 20:52:45
4634385,tdel8oni-egjd-ddij-u7k4-ccxxh7ho12,121140,4,92,6,06.12.2024 19:39:36,06.12.2024 19:39:59
13801453,tdel8oni-egjd-ddij-u7k4-ccxxh7ho12,121140,4,92,6,16.12.2024 21:59:05,16.12.2024 21:59:28
9352169,tdel8oni-egjd-ddij-u7k4-ccxxh7ho12,121140,4,92,6,11.12.2024 23:02:18,11.12.2024 23:02:33
10308849,tdel8oni-egjd-ddij-u7k4-ccxxh7ho12,121140,4,92,6,12.12.2024 2:07:30,12.12.2024 2:07:53
10308956,tdel8oni-egjd-ddij-u7k4-ccxxh7ho12,121140,4,92,6,12.12.2024 7:41:36,12.12.2024 7:42:14
4634523,tdel8oni-egjd-ddij-u7k4-ccxxh7ho12,121140,4,92,6,06.12.2024 22:02:42,06.12.2024 22:03:02
15011850,tdel8oni-egjd-ddij-u7k4-ccxxh7ho12,121140,4,92,6,17.12.2024 10:32:46,17.12.2024 10:32:59
5653642,tdel8oni-egjd-ddij-u7k4-ccxxh7ho12,121140,4,92,6,07.12.2024 6:29:32,07.12.2024 6:29:46
19753539,tdel8oni-egjd-ddij-u7k4-ccxxh7ho12,121140,4,92,6,22.12.2024 11:43:31,22.12.2024 11:44:51
19753609,tdel8oni-egjd-ddij-u7k4-ccxxh7ho12,121140,4,92,6,22.12.2024 12:28:54,22.12.2024 12:29:09
8423986,tdel8oni-egjd-ddij-u7k4-ccxxh7ho12,121140,4,92,6,10.12.2024 12:53:34,10.12.2024 12:54:04
24941034,tdel8oni-egjd-ddij-u7k4-ccxxh7ho12,121140,4,92,6,27.11.2024 6:57:13,27.11.2024 6:57:37
787877,tdel8oni-egjd-ddij-u7k4-ccxxh7ho12,121140,4,92,6,02.12.2024 14:29:06,02.12.2024 14:29:42
3652236,tdel8oni-egjd-ddij-u7k4-ccxxh7ho12,121140,4,92,6,05.12.2024 9:05:32,05.12.2024 9:06:27
10309522,tdel8oni-egjd-ddij-u7k4-ccxxh7ho12,121140,4,92,6,12.12.2024 13:52:04,12.12.2024 13:52:24
2720852,tdel8oni-egjd-ddij-u7k4-ccxxh7ho12,121140,4,92,6,04.12.2024 21:58:34,04.12.2024 21:58:59
21552291,tdel8oni-egjd-ddij-u7k4-ccxxh7ho12,121140,4,92,6,24.12.2024 22:01:34,24.12.2024 22:01:56
8424284,tdel8oni-egjd-ddij-u7k4-ccxxh7ho12,121140,4,92,6,10.12.2024 16:40:30,10.12.2024 16:40:45
13239758,tdel8oni-egjd-ddij-u7k4-ccxxh7ho12,121140,4,92,6,15.12.2024 15:24:04,15.12.2024 15:24:39
25918161,tdel8oni-egjd-ddij-u7k4-ccxxh7ho12,121140,4,92,6,28.11.2024 13:25:39,28.11.2024 13:26:19
8424834,tdel8oni-egjd-ddij-u7k4-ccxxh7ho12,121140,4,92,6,10.12.2024 22:29:55,10.12.2024 22:30:17
28822030,tdel8oni-egjd-ddij-u7k4-ccxxh7ho12,121140,4,92,6,01.12.2024 1:14:08,01.12.2024 1:14:54
25918694,tdel8oni-egjd-ddij-u7k4-ccxxh7ho12,121140,4,92,6,28.11.2024 18:22:36,28.11.2024 18:22:51
23519138,tdel8oni-egjd-ddij-u7k4-ccxxh7ho12,121140,4,92,6,26.12.2024 9:59:51,26.12.2024 10:00:38
4633700,tdel8oni-egjd-ddij-u7k4-ccxxh7ho12,121140,4,92,6,06.12.2024 12:59:53,06.12.2024 13:00:04
9351418,tdel8oni-egjd-ddij-u7k4-ccxxh7ho12,121140,4,92,6,11.12.2024 14:15:40,11.12.2024 14:16:02
7565251,tdel8oni-egjd-ddij-u7k4-ccxxh7ho12,121140,4,92,6,09.12.2024 13:26:11,09.12.2024 13:26:41
4634295,tdel8oni-egjd-ddij-u7k4-ccxxh7ho12,121140,4,92,6,06.12.2024 18:43:40,06.12.2024 18:44:11
13801496,tdel8oni-egjd-ddij-u7k4-ccxxh7ho12,121140,4,92,6,16.12.2024 22:37:14,16.12.2024 22:40:25
21551808,tdel8oni-egjd-ddij-u7k4-ccxxh7ho12,121140,4,92,6,24.12.2024 16:41:15,24.12.2024 16:41:36
12264774,tdel8oni-egjd-ddij-u7k4-ccxxh7ho12,121140,4,92,6,14.12.2024 16:44:06,14.12.2024 16:44:40
5653777,tdel8oni-egjd-ddij-u7k4-ccxxh7ho12,121140,4,92,6,07.12.2024 8:27:49,07.12.2024 8:28:25
15012102,tdel8oni-egjd-ddij-u7k4-ccxxh7ho12,121140,4,189,6,17.12.2024 14:01:39,17.12.2024 14:01:55
2720599,tdel8oni-egjd-ddij-u7k4-ccxxh7ho12,121140,4,189,6,04.12.2024 18:40:52,04.12.2024 18:41:13
17897871,tdel8oni-egjd-ddij-u7k4-ccxxh7ho12,121140,4,189,6,20.12.2024 9:47:37,20.12.2024 9:48:10
26949648,tdel8oni-egjd-ddij-u7k4-ccxxh7ho12,121140,4,189,6,29.11.2024 22:25:43,29.11.2024 22:25:58
28084033,tdel8oni-egjd-ddij-u7k4-ccxxh7ho12,121140,4,189,6,30.11.2024 0:15:35,30.11.2024 0:15:57
28084057,tdel8oni-egjd-ddij-u7k4-ccxxh7ho12,121140,4,189,6,30.11.2024 1:01:14,30.11.2024 1:01:52
3652086,tdel8oni-egjd-ddij-u7k4-ccxxh7ho12,121140,4,189,6,05.12.2024 6:49:30,05.12.2024 6:49:40
3652173,tdel8oni-egjd-ddij-u7k4-ccxxh7ho12,121140,4,189,6,05.12.2024 8:06:17,05.12.2024 8:06:37
22504270,tdel8oni-egjd-ddij-u7k4-ccxxh7ho12,121140,4,189,6,25.12.2024 6:38:32,25.12.2024 6:38:55
3652223,tdel8oni-egjd-ddij-u7k4-ccxxh7ho12,121140,4,189,6,05.12.2024 8:53:31,05.12.2024 8:53:48
17898209,tdel8oni-egjd-ddij-u7k4-ccxxh7ho12,121140,4,189,6,20.12.2024 13:24:23,20.12.2024 13:24:41
10309981,tdel8oni-egjd-ddij-u7k4-ccxxh7ho12,121140,4,189,6,12.12.2024 18:31:20,12.12.2024 18:31:40
8423744,tdel8oni-egjd-ddij-u7k4-ccxxh7ho12,121140,4,189,6,10.12.2024 11:11:11,10.12.2024 11:11:26
788112,tdel8oni-egjd-ddij-u7k4-ccxxh7ho12,121140,4,189,6,02.12.2024 17:15:06,02.12.2024 17:15:25
10310080,tdel8oni-egjd-ddij-u7k4-ccxxh7ho12,121140,4,189,6,12.12.2024 19:42:03,12.12.2024 19:42:26
11290530,tdel8oni-egjd-ddij-u7k4-ccxxh7ho12,121140,4,189,6,13.12.2024 8:01:58,13.12.2024 8:02:57
28085082,tdel8oni-egjd-ddij-u7k4-ccxxh7ho12,121140,4,189,6,30.11.2024 16:19:49,30.11.2024 16:20:24
3652933,tdel8oni-egjd-ddij-u7k4-ccxxh7ho12,121140,4,189,6,05.12.2024 16:24:07,05.12.2024 16:24:30
25917980,tdel8oni-egjd-ddij-u7k4-ccxxh7ho12,121140,4,189,6,28.11.2024 11:37:57,28.11.2024 11:38:15
13240083,tdel8oni-egjd-ddij-u7k4-ccxxh7ho12,121140,4,189,6,15.12.2024 19:03:14,15.12.2024 19:03:25
22505388,tdel8oni-egjd-ddij-u7k4-ccxxh7ho12,121140,4,189,6,25.12.2024 20:12:43,25.12.2024 20:13:02
1727936,tdel8oni-egjd-ddij-u7k4-ccxxh7ho12,121140,4,189,6,03.12.2024 15:14:38,03.12.2024 15:15:05
3653290,tdel8oni-egjd-ddij-u7k4-ccxxh7ho12,121140,4,189,6,05.12.2024 20:14:19,05.12.2024 20:14:34
28085544,tdel8oni-egjd-ddij-u7k4-ccxxh7ho12,121140,4,189,6,30.11.2024 21:29:56,30.11.2024 21:30:17
13240247,tdel8oni-egjd-ddij-u7k4-ccxxh7ho12,121140,4,189,6,15.12.2024 21:17:24,15.12.2024 21:18:05
28822114,tdel8oni-egjd-ddij-u7k4-ccxxh7ho12,121140,4,189,6,01.12.2024 6:38:33,01.12.2024 6:38:48
9350708,tdel8oni-egjd-ddij-u7k4-ccxxh7ho12,121140,4,189,6,11.12.2024 0:52:34,11.12.2024 0:57:02
9350761,tdel8oni-egjd-ddij-u7k4-ccxxh7ho12,121140,4,189,6,11.12.2024 5:31:10,11.12.2024 5:31:25
23519095,tdel8oni-egjd-ddij-u7k4-ccxxh7ho12,121140,4,189,6,26.12.2024 9:33:51,26.12.2024 9:34:37
2719468,tdel8oni-egjd-ddij-u7k4-ccxxh7ho12,121140,4,189,6,04.12.2024 0:34:48,04.12.2024 0:35:01
2719554,tdel8oni-egjd-ddij-u7k4-ccxxh7ho12,121140,4,189,6,04.12.2024 6:52:17,04.12.2024 6:52:32
26948460,tdel8oni-egjd-ddij-u7k4-ccxxh7ho12,121140,4,189,6,29.11.2024 9:48:46,29.11.2024 9:49:08
21552632,tdel8oni-egjd-ddij-u7k4-ccxxh7ho12,121140,4,189,6,24.12.2024 10:10:52,24.12.2024 10:11:11
9351570,tdel8oni-egjd-ddij-u7k4-ccxxh7ho12,121140,4,189,6,11.12.2024 16:12:10,11.12.2024 16:12:29
4634049,tdel8oni-egjd-ddij-u7k4-ccxxh7ho12,121140,4,189,6,06.12.2024 17:01:19,06.12.2024 17:01:39
12264443,tdel8oni-egjd-ddij-u7k4-ccxxh7ho12,121140,4,189,6,14.12.2024 12:52:37,14.12.2024 12:52:57
16891258,tdel8oni-egjd-ddij-u7k4-ccxxh7ho12,121140,4,189,6,19.12.2024 15:04:24,19.12.2024 15:04:39
18769760,tdel8oni-egjd-ddij-u7k4-ccxxh7ho12,121140,4,189,6,21.12.2024 22:39:04,21.12.2024 22:39:31
15011713,tdel8oni-egjd-ddij-u7k4-ccxxh7ho12,121140,4,189,6,17.12.2024 7:45:01,17.12.2024 7:45:19
23520155,tdel8oni-egjd-ddij-u7k4-ccxxh7ho12,121140,4,189,6,26.12.2024 20:25:53,26.12.2024 20:26:08
10308895,tdel8oni-egjd-ddij-u7k4-ccxxh7ho12,121140,4,189,6,12.12.2024 6:09:04,12.12.2024 6:09:28
26949218,tdel8oni-egjd-ddij-u7k4-ccxxh7ho12,121140,4,189,6,29.11.2024 17:34:54,29.11.2024 17:35:04
21552132,tdel8oni-egjd-ddij-u7k4-ccxxh7ho12,121140,4,189,6,24.12.2024 19:53:09,24.12.2024 19:53:21
787470,tdel8oni-egjd-ddij-u7k4-ccxxh7ho12,121140,4,189,6,02.12.2024 9:14:49,02.12.2024 9:15:22
1727914,tdel8oni-egjd-ddij-u7k4-ccxxh7ho12,121140,4,189,6,03.12.2024 14:51:48,03.12.2024 14:52:14
20608901,tdel8oni-egjd-ddij-u7k4-ccxxh7ho12,121140,4,189,6,23.12.2024 17:00:38,23.12.2024 17:01:20
28084056,tdel8oni-egjd-ddij-u7k4-ccxxh7ho12,121140,4,189,6,30.11.2024 0:59:41,30.11.2024 0:59:57
19754362,tdel8oni-egjd-ddij-u7k4-ccxxh7ho12,121140,4,189,6,22.12.2024 21:41:22,22.12.2024 21:41:46
19754404,tdel8oni-egjd-ddij-u7k4-ccxxh7ho12,121140,4,189,6,22.12.2024 22:29:53,22.12.2024 22:30:17
10310225,tdel8oni-egjd-ddij-u7k4-ccxxh7ho12,121140,4,189,6,12.12.2024 22:02:38,12.12.2024 22:03:29
25918261,tdel8oni-egjd-ddij-u7k4-ccxxh7ho12,121140,4,189,6,28.11.2024 14:23:42,28.11.2024 14:24:31
13800472,tdel8oni-egjd-ddij-u7k4-ccxxh7ho12,121140,4,189,6,16.12.2024 9:14:34,16.12.2024 9:15:03
18768924,tdel8oni-egjd-ddij-u7k4-ccxxh7ho12,121140,4,189,6,21.12.2024 13:24:02,21.12.2024 13:24:44
1728309,tdel8oni-egjd-ddij-u7k4-ccxxh7ho12,121140,4,189,6,03.12.2024 18:45:32,03.12.2024 18:46:18
28822881,tdel8oni-egjd-ddij-u7k4-ccxxh7ho12,121140,4,189,6,01.12.2024 18:02:33,01.12.2024 18:02:56
24940988,tdel8oni-egjd-ddij-u7k4-ccxxh7ho12,121140,4,189,6,27.11.2024 6:27:25,27.11.2024 6:28:43
5654018,tdel8oni-egjd-ddij-u7k4-ccxxh7ho12,121140,4,189,6,07.12.2024 11:34:49,07.12.2024 11:35:09
2720630,tdel8oni-egjd-ddij-u7k4-ccxxh7ho12,121140,4,189,6,04.12.2024 19:03:51,04.12.2024 19:04:22
15012236,tdel8oni-egjd-ddij-u7k4-ccxxh7ho12,121140,4,189,6,17.12.2024 15:58:34,17.12.2024 15:58:59
8423716,tdel8oni-egjd-ddij-u7k4-ccxxh7ho12,121140,4,189,6,10.12.2024 10:54:15,10.12.2024 10:54:35
19754490,tdel8oni-egjd-ddij-u7k4-ccxxh7ho12,121140,4,189,6,22.12.2024 23:53:20,22.12.2024 23:53:36
20608154,tdel8oni-egjd-ddij-u7k4-ccxxh7ho12,121140,4,189,6,23.12.2024 0:08:12,23.12.2024 0:08:30
20608209,tdel8oni-egjd-ddij-u7k4-ccxxh7ho12,121140,4,189,6,23.12.2024 1:35:06,23.12.2024 1:35:26
1727091,tdel8oni-egjd-ddij-u7k4-ccxxh7ho12,121140,4,189,6,03.12.2024 1:49:22,03.12.2024 1:49:53
16074501,tdel8oni-egjd-ddij-u7k4-ccxxh7ho12,121140,4,189,6,18.12.2024 14:40:44,18.12.2024 14:42:27
25918211,tdel8oni-egjd-ddij-u7k4-ccxxh7ho12,121140,4,189,6,28.11.2024 13:52:46,28.11.2024 13:53:09
11291130,tdel8oni-egjd-ddij-u7k4-ccxxh7ho12,121140,4,189,6,13.12.2024 14:09:22,13.12.2024 14:10:02
11291145,tdel8oni-egjd-ddij-u7k4-ccxxh7ho12,121140,4,189,6,13.12.2024 14:24:58,13.12.2024 14:25:39
8424649,tdel8oni-egjd-ddij-u7k4-ccxxh7ho12,121140,4,189,6,10.12.2024 20:07:11,10.12.2024 20:07:34
1727923,tdel8oni-egjd-ddij-u7k4-ccxxh7ho12,121140,4,189,6,03.12.2024 14:59:00,03.12.2024 14:59:31
1727973,tdel8oni-egjd-ddij-u7k4-ccxxh7ho12,121140,4,189,6,03.12.2024 15:28:46,03.12.2024 15:29:02
20608926,tdel8oni-egjd-ddij-u7k4-ccxxh7ho12,121140,4,189,6,23.12.2024 17:14:54,23.12.2024 17:15:27
28822271,tdel8oni-egjd-ddij-u7k4-ccxxh7ho12,121140,4,189,6,01.12.2024 10:21:09,01.12.2024 10:21:52
23519171,tdel8oni-egjd-ddij-u7k4-ccxxh7ho12,121140,4,189,6,26.12.2024 10:23:17,26.12.2024 10:23:48
4633405,tdel8oni-egjd-ddij-u7k4-ccxxh7ho12,121140,4,189,6,06.12.2024 10:32:32,06.12.2024 10:33:06
4633501,tdel8oni-egjd-ddij-u7k4-ccxxh7ho12,121140,4,189,6,06.12.2024 11:23:58,06.12.2024 11:24:20
2719526,tdel8oni-egjd-ddij-u7k4-ccxxh7ho12,121140,4,189,6,04.12.2024 6:23:36,04.12.2024 6:24:30
26948756,tdel8oni-egjd-ddij-u7k4-ccxxh7ho12,121140,4,189,6,29.11.2024 12:13:43,29.11.2024 12:14:13
13801171,tdel8oni-egjd-ddij-u7k4-ccxxh7ho12,121140,4,189,6,16.12.2024 18:23:24,16.12.2024 18:23:48
16891236,tdel8oni-egjd-ddij-u7k4-ccxxh7ho12,121140,4,189,6,19.12.2024 14:10:11,19.12.2024 14:11:07
7565250,tdel8oni-egjd-ddij-u7k4-ccxxh7ho12,121140,4,189,6,09.12.2024 13:28:13,09.12.2024 13:28:43
9352196,tdel8oni-egjd-ddij-u7k4-ccxxh7ho12,121140,4,189,6,11.12.2024 23:27:22,11.12.2024 23:27:45
10308881,tdel8oni-egjd-ddij-u7k4-ccxxh7ho12,121140,4,189,6,12.12.2024 5:09:25,12.12.2024 5:09:52
15011935,tdel8oni-egjd-ddij-u7k4-ccxxh7ho12,121140,4,189,6,17.12.2024 11:28:28,17.12.2024 11:29:07
7565680,tdel8oni-egjd-ddij-u7k4-ccxxh7ho12,121140,4,286,6,09.12.2024 19:08:46,09.12.2024 19:09:32
26949489,tdel8oni-egjd-ddij-u7k4-ccxxh7ho12,121140,4,286,6,29.11.2024 20:25:46,29.11.2024 20:26:01
10309989,tdel8oni-egjd-ddij-u7k4-ccxxh7ho12,121140,4,286,6,12.12.2024 18:38:05,12.12.2024 18:38:29
1727328,tdel8oni-egjd-ddij-u7k4-ccxxh7ho12,121140,4,286,6,03.12.2024 8:39:50,03.12.2024 8:40:09
22505046,tdel8oni-egjd-ddij-u7k4-ccxxh7ho12,121140,4,286,6,25.12.2024 16:08:03,25.12.2024 16:08:28
3653106,tdel8oni-egjd-ddij-u7k4-ccxxh7ho12,121140,4,286,6,05.12.2024 17:58:38,05.12.2024 17:58:49
6560832,tdel8oni-egjd-ddij-u7k4-ccxxh7ho12,121140,4,286,6,08.12.2024 11:31:25,08.12.2024 11:31:45
28085476,tdel8oni-egjd-ddij-u7k4-ccxxh7ho12,121140,4,286,6,30.11.2024 20:28:40,30.11.2024 20:28:58
28085660,tdel8oni-egjd-ddij-u7k4-ccxxh7ho12,121140,4,286,6,30.11.2024 23:19:09,30.11.2024 23:19:21
9350768,tdel8oni-egjd-ddij-u7k4-ccxxh7ho12,121140,4,286,6,11.12.2024 5:55:16,11.12.2024 5:55:28
9350801,tdel8oni-egjd-ddij-u7k4-ccxxh7ho12,121140,4,286,6,11.12.2024 7:27:00,11.12.2024 7:27:12
28822187,tdel8oni-egjd-ddij-u7k4-ccxxh7ho12,121140,4,286,6,01.12.2024 8:31:03,01.12.2024 8:31:29
13800351,tdel8oni-egjd-ddij-u7k4-ccxxh7ho12,121140,4,286,6,16.12.2024 2:04:06,16.12.2024 2:04:29
20609259,tdel8oni-egjd-ddij-u7k4-ccxxh7ho12,121140,4,286,6,23.12.2024 21:31:24,23.12.2024 21:31:47
20609334,tdel8oni-egjd-ddij-u7k4-ccxxh7ho12,121140,4,286,6,23.12.2024 22:52:35,23.12.2024 22:52:55
13800873,tdel8oni-egjd-ddij-u7k4-ccxxh7ho12,121140,4,286,6,16.12.2024 14:57:43,16.12.2024 14:59:15
7564807,tdel8oni-egjd-ddij-u7k4-ccxxh7ho12,121140,4,286,6,09.12.2024 1:31:46,09.12.2024 1:32:27
26948490,tdel8oni-egjd-ddij-u7k4-ccxxh7ho12,121140,4,286,6,29.11.2024 10:13:03,29.11.2024 10:13:35
4634618,tdel8oni-egjd-ddij-u7k4-ccxxh7ho12,121140,4,286,6,06.12.2024 23:53:17,06.12.2024 23:53:33
4633397,tdel8oni-egjd-ddij-u7k4-ccxxh7ho12,121140,4,286,6,06.12.2024 10:26:46,06.12.2024 10:27:30
21551582,tdel8oni-egjd-ddij-u7k4-ccxxh7ho12,121140,4,286,6,24.12.2024 14:08:56,24.12.2024 14:10:16
13240012,tdel8oni-egjd-ddij-u7k4-ccxxh7ho12,121140,4,286,6,15.12.2024 18:08:19,15.12.2024 18:08:51
22505446,tdel8oni-egjd-ddij-u7k4-ccxxh7ho12,121140,4,286,6,25.12.2024 21:02:10,25.12.2024 21:02:55
13800288,tdel8oni-egjd-ddij-u7k4-ccxxh7ho12,121140,4,286,6,16.12.2024 0:15:26,16.12.2024 0:15:53
10310047,tdel8oni-egjd-ddij-u7k4-ccxxh7ho12,121140,4,286,6,12.12.2024 19:21:48,12.12.2024 19:22:33
28084770,tdel8oni-egjd-ddij-u7k4-ccxxh7ho12,121140,4,286,6,30.11.2024 13:01:24,30.11.2024 13:01:57
8424789,tdel8oni-egjd-ddij-u7k4-ccxxh7ho12,121140,4,286,6,10.12.2024 21:57:46,10.12.2024 21:58:13
7565384,tdel8oni-egjd-ddij-u7k4-ccxxh7ho12,121140,4,286,6,09.12.2024 15:09:10,09.12.2024 15:10:11
21552010,tdel8oni-egjd-ddij-u7k4-ccxxh7ho12,121140,4,286,6,24.12.2024 18:33:19,24.12.2024 18:33:45
24940938,tdel8oni-egjd-ddij-u7k4-ccxxh7ho12,121140,4,286,6,27.11.2024 1:59:01,27.11.2024 2:00:13
24941137,tdel8oni-egjd-ddij-u7k4-ccxxh7ho12,121140,4,286,6,27.11.2024 8:18:21,27.11.2024 8:18:58
26949667,tdel8oni-egjd-ddij-u7k4-ccxxh7ho12,121140,4,286,6,29.11.2024 22:40:57,29.11.2024 22:41:36
28084534,tdel8oni-egjd-ddij-u7k4-ccxxh7ho12,121140,4,286,6,30.11.2024 11:10:21,30.11.2024 11:10:40
25918268,tdel8oni-egjd-ddij-u7k4-ccxxh7ho12,121140,4,286,6,28.11.2024 14:25:25,28.11.2024 14:25:53
13240102,tdel8oni-egjd-ddij-u7k4-ccxxh7ho12,121140,4,286,6,15.12.2024 19:17:15,15.12.2024 19:17:37
11291277,tdel8oni-egjd-ddij-u7k4-ccxxh7ho12,121140,4,286,6,13.12.2024 16:08:06,13.12.2024 16:08:57
13240326,tdel8oni-egjd-ddij-u7k4-ccxxh7ho12,121140,4,286,6,15.12.2024 22:39:01,15.12.2024 22:39:32
2719548,tdel8oni-egjd-ddij-u7k4-ccxxh7ho12,121140,4,286,6,04.12.2024 6:46:22,04.12.2024 6:46:53
16890702,tdel8oni-egjd-ddij-u7k4-ccxxh7ho12,121140,4,286,6,19.12.2024 10:02:16,19.12.2024 10:02:59
7565011,tdel8oni-egjd-ddij-u7k4-ccxxh7ho12,121140,4,286,6,09.12.2024 10:18:31,09.12.2024 10:18:54
2720034,tdel8oni-egjd-ddij-u7k4-ccxxh7ho12,121140,4,286,6,04.12.2024 12:24:03,04.12.2024 12:24:55
26948976,tdel8oni-egjd-ddij-u7k4-ccxxh7ho12,121140,4,286,6,29.11.2024 14:59:50,29.11.2024 15:00:17
21551748,tdel8oni-egjd-ddij-u7k4-ccxxh7ho12,121140,4,286,6,24.12.2024 16:05:36,24.12.2024 16:06:26
24940985,tdel8oni-egjd-ddij-u7k4-ccxxh7ho12,121140,4,286,6,27.11.2024 5:55:21,27.11.2024 5:55:47
5654103,tdel8oni-egjd-ddij-u7k4-ccxxh7ho12,121140,4,286,6,07.12.2024 12:15:16,07.12.2024 12:15:49
24941717,tdel8oni-egjd-ddij-u7k4-ccxxh7ho12,121140,4,286,6,27.11.2024 14:30:04,27.11.2024 14:30:34
17897957,tdel8oni-egjd-ddij-u7k4-ccxxh7ho12,121140,4,286,6,20.12.2024 11:00:06,20.12.2024 11:00:34
